typecode,engines,body_class
A002,1,heli
A1,1,ga
A10,2,narrowbody
A109,2,heli
A119,1,heli
A122,1,ga
A124,4,quad
A129,2,heli
A139,2,heli
A140,2,regional
A148,2,narrowbody
A149,2,heli
A158,2,narrowbody
A16,1,ga
A169,2,heli
A178,2,narrowbody
A189,2,heli
A19,1,ga
A19N,2,narrowbody
A20,2,regional
A205,1,heli
A20J,1,ga
A20N,2,narrowbody
A21,1,ga
A210,1,ga
A21N,2,narrowbody
A22,1,ga
A223,1,ga
A225,6,quad
A23,1,ga
A249,2,heli
A25,1,ga
A251,2,regional
A27,1,ga
A270,1,ga
A29,1,ga
A2RT,2,heli
A3,2,narrowbody
A306,2,widebody
A30B,2,widebody
A31,1,ga
A310,2,widebody
A318,2,narrowbody
A319,2,narrowbody
A320,2,narrowbody
A321,2,narrowbody
A32E,1,ga
A32P,1,ga
A33,1,ga
A332,2,widebody
A333,2,widebody
A337,2,narrowbody
A338,2,widebody
A339,2,widebody
A33E,1,ga
A33P,1,ga
A342,4,quad
A343,4,quad
A345,4,quad
A346,4,quad
A34E,1,ga
A35,1,ga
A359,2,widebody
A35K,2,widebody
A37,2,narrowbody
A388,4,quad
A3ST,2,widebody
A4,1,ga
A400,4,quad
A411,2,regional
A5,1,ga
A50,4,quad
A500,2,regional
A504,1,ga
A6,2,narrowbody
A600,1,heli
A660,1,ga
A700,2,narrowbody
A743,2,narrowbody
A748,2,regional
A890,1,ga
A9,1,ga
A900,1,ga
A910,1,ga
AA1,1,ga
AA37,2,regional
AA5,1,ga
AAT3,1,ga
AAT4,1,ga
AB11,1,ga
AB15,1,ga
AB18,1,ga
AB95,1,ga
AC10,1,heli
AC11,1,ga
AC31,1,heli
AC33,3,heli
AC4,1,ga
AC50,2,regional
AC52,2,regional
AC56,2,regional
AC5A,1,ga
AC5M,1,ga
AC68,2,regional
AC6L,2,regional
AC72,2,regional
AC80,2,regional
AC90,2,regional
AC95,2,regional
ACAM,2,regional
ACAR,1,ga
ACED,1,ga
ACJR,1,ga
ACPL,1,ga
ACR2,1,ga
ACRD,2,regional
ACRO,1,ga
ACSR,1,ga
AD20,1,ga
ADEL,1,heli
ADVE,1,ga
ADVN,1,ga
AE45,2,regional
AEA1,1,ga
AERK,1,ga
AEST,2,regional
AFOX,1,ga
AG02,1,ga
AG1,1,heli
AG10,1,ga
AG60,4,quad
AGSH,1,ga
AI10,1,ga
AIGT,1,ga
AIRD,1,ga
AIRL,2,regional
AJ27,2,narrowbody
AJET,2,narrowbody
AK1,1,ga
AKOY,1,ga
AKRO,1,ga
ALBU,1,ga
ALC1,1,ga
ALGR,1,ga
ALH,2,heli
ALIG,1,ga
ALIZ,1,ga
ALO2,1,heli
ALO3,1,heli
ALPI,1,ga
ALSL,1,ga
ALTO,1,ga
AM3,1,ga
AMX,1,ga
AN12,4,quad
AN2,1,ga
AN22,4,quad
AN24,2,regional
AN26,2,regional
AN28,2,regional
AN3,1,ga
AN30,2,regional
AN32,2,regional
AN38,2,regional
AN70,4,quad
AN72,2,narrowbody
AN8,2,regional
ANGL,2,regional
ANKA,1,ga
ANSN,2,regional
ANST,2,heli
AP20,1,ga
AP22,1,ga
AP24,1,ga
AP26,2,regional
AP28,2,regional
AP32,1,ga
AP36,2,regional
APM2,1,ga
APM3,1,ga
APM4,1,ga
APUP,1,ga
AR1,1,heli
AR11,1,ga
AR15,1,ga
AR50,1,ga
AR5T,1,ga
AR65,1,ga
AR6T,1,ga
AR79,1,ga
ARC3,1,ga
ARCE,1,ga
ARCP,1,ga
ARES,1,ga
ARKS,1,ga
ARON,1,ga
ARV1,1,ga
ARVA,2,regional
ARWF,1,ga
AS02,1,ga
AS14,1,ga
AS16,1,ga
AS20,1,ga
AS21,1,ga
AS22,1,ga
AS24,1,ga
AS25,1,ga
AS26,1,ga
AS28,1,ga
AS29,1,ga
AS2T,1,ga
AS30,1,ga
AS31,1,ga
AS32,2,heli
AS3B,2,heli
AS50,1,heli
AS55,2,heli
AS65,2,heli
AS80,1,ga
ASO4,1,ga
ASO5,1,ga
ASOX,1,ga
ASTO,1,ga
ASTR,2,narrowbody
AT2P,1,ga
AT3,2,narrowbody
AT3P,1,ga
AT3T,1,ga
AT43,2,regional
AT44,2,regional
AT45,2,regional
AT46,2,regional
AT5P,1,ga
AT5T,1,ga
AT6T,1,ga
AT72,2,regional
AT73,2,regional
AT75,2,regional
AT76,2,regional
AT8T,1,ga
ATAC,1,ga
ATG1,2,narrowbody
ATIS,1,ga
ATL,1,ga
ATLA,2,regional
ATP,2,regional
AU11,1,ga
AUJ2,1,ga
AUJ4,1,ga
AURA,1,ga
AUS3,1,ga
AUS4,1,ga
AUS5,1,ga
AUS6,1,ga
AUS7,1,ga
AUS9,1,ga
AV68,1,ga
AVAM,1,ga
AVID,1,ga
AVIN,1,ga
AVK4,2,regional
AVLN,1,ga
AVTR,1,ga
B06,1,heli
B06T,2,heli
B1,4,quad
B103,2,regional
B105,2,heli
B13,1,ga
B14A,1,ga
B14B,1,ga
B14C,1,ga
B150,1,heli
B17,4,quad
B18T,2,regional
B190,2,regional
B2,4,quad
B209,1,ga
B212,1,heli
B214,1,heli
B222,1,heli
B23,2,regional
B230,2,heli
B23E,1,ga
B24,4,quad
B25,2,regional
B26,2,regional
B26M,2,regional
B29,4,quad
B305,1,heli
B350,2,regional
B360,1,ga
B36T,1,ga
B37M,2,narrowbody
B38M,2,narrowbody
B39M,2,narrowbody
B3XM,2,narrowbody
B407,1,heli
B412,2,heli
B427,2,heli
B429,2,heli
B430,2,heli
B461,4,quad
B462,4,quad
B463,4,quad
B47G,1,heli
B47J,1,heli
B47T,1,heli
B505,1,heli
B52,8,quad
B525,2,heli
B58T,2,regional
B60,1,ga
B609,2,heli
B60T,2,regional
B701,4,quad
B703,4,quad
B712,2,narrowbody
B720,4,quad
B721,3,widebody
B722,3,widebody
B732,2,narrowbody
B733,2,narrowbody
B734,2,narrowbody
B735,2,narrowbody
B736,2,narrowbody
B737,2,narrowbody
B738,2,narrowbody
B739,2,narrowbody
B741,4,quad
B742,4,quad
B743,4,quad
B744,4,quad
B748,4,quad
B74R,4,quad
B74S,4,quad
B752,2,narrowbody
B753,2,narrowbody
B762,2,widebody
B763,2,widebody
B764,2,widebody
B772,2,widebody
B773,2,narrowbody
B778,2,widebody
B779,2,widebody
B77L,2,widebody
B77W,2,widebody
B788,2,widebody
B789,2,widebody
B78X,2,widebody
BA11,2,narrowbody
BABY,1,heli
BAR6,1,ga
BARC,1,ga
BASS,2,regional
BBAT,1,ga
BBIR,1,ga
BCA3,1,ga
BCAT,1,ga
BCS1,2,narrowbody
BCS3,2,narrowbody
BD10,1,ga
BD12,1,ga
BD17,1,ga
BD4,1,ga
BD5,1,ga
BD5J,1,ga
BD5T,1,ga
BDOG,1,ga
BE10,2,regional
BE12,2,regional
BE17,1,ga
BE18,2,regional
BE19,1,ga
BE20,2,regional
BE22,1,ga
BE23,1,ga
BE24,1,ga
BE30,2,regional
BE32,2,regional
BE33,1,ga
BE35,1,ga
BE36,1,ga
BE40,2,narrowbody
BE4W,2,narrowbody
BE50,2,regional
BE55,2,regional
BE56,2,regional
BE58,2,regional
BE60,2,regional
BE65,2,regional
BE70,2,regional
BE76,2,regional
BE77,1,ga
BE80,2,regional
BE88,2,regional
BE95,2,regional
BE99,2,regional
BE9L,2,regional
BE9T,2,regional
BEAR,1,ga
BELF,4,quad
BER2,2,narrowbody
BER4,2,narrowbody
BETA,1,ga
BEVR,1,ga
BF19,1,ga
BFIT,1,ga
BILO,1,ga
BIPL,1,ga
BIRD,1,ga
BISC,1,ga
BK17,2,heli
BKUT,1,ga
BL11,1,ga
BL17,1,ga
BL19,1,ga
BL8,1,ga
BLBU,1,ga
BLCF,4,quad
BLEN,2,regional
BLKS,1,ga
BM6,1,ga
BMAN,1,ga
BN2P,2,regional
BN2T,2,regional
BO40,1,ga
BOLT,1,ga
BOOM,2,regional
BPAT,1,ga
BPOD,4,quad
BPUM,1,ga
BR14,1,ga
BR23,1,ga
BR54,1,heli
BR60,1,ga
BR61,1,ga
BR8,1,ga
BRAV,1,ga
BRB2,1,heli
BREZ,1,ga
BROU,1,ga
BS60,2,regional
BSTP,2,heli
BT36,1,ga
BT7,1,ga
BTB2,1,ga
BTUB,1,ga
BU20,3,widebody
BU31,1,ga
BU33,1,ga
BU81,1,ga
BUC,2,narrowbody
BUCA,1,ga
BULT,1,ga
BUSH,1,ga
BW60,1,ga
BW6T,1,ga
BX2,1,ga
C02T,2,regional
C04T,2,regional
C06T,1,ga
C07T,1,ga
C1,2,narrowbody
C101,1,ga
C10T,1,ga
C119,2,regional
C120,1,ga
C123,2,regional
C125,3,widebody
C130,4,quad
C135,4,quad
C140,1,ga
C141,4,quad
C14T,2,regional
C15,4,quad
C150,1,ga
C152,1,ga
C160,2,regional
C162,1,ga
C17,4,quad
C170,1,ga
C172,1,ga
C175,1,ga
C177,1,ga
C180,1,ga
C182,1,ga
C185,1,ga
C188,1,ga
C190,1,ga
C195,1,ga
C2,2,regional
C205,1,ga
C206,1,ga
C207,1,ga
C208,1,ga
C210,1,ga
C212,2,regional
C21T,2,regional
C22J,2,narrowbody
C240,1,ga
C25A,2,narrowbody
C25B,2,narrowbody
C25C,2,narrowbody
C25M,2,narrowbody
C270,1,ga
C27J,2,regional
C295,2,regional
C303,2,regional
C306,1,ga
C309,1,ga
C30J,4,quad
C310,2,regional
C311,1,ga
C320,2,regional
C335,2,regional
C336,2,regional
C337,2,regional
C340,2,regional
C365,1,ga
C402,2,regional
C404,2,regional
C408,2,regional
C411,2,regional
C414,2,regional
C42,1,ga
C421,2,regional
C425,2,regional
C441,2,regional
C46,2,regional
C500,2,narrowbody
C501,2,narrowbody
C510,2,narrowbody
C525,2,narrowbody
C526,2,narrowbody
C550,2,narrowbody
C551,2,narrowbody
C55B,2,narrowbody
C560,2,narrowbody
C56X,2,narrowbody
C5M,4,quad
C650,2,narrowbody
C680,2,narrowbody
C68A,2,narrowbody
C700,2,narrowbody
C72R,1,ga
C750,2,narrowbody
C77R,1,ga
C82,2,regional
C82R,1,ga
C82S,1,ga
C82T,1,ga
C919,2,narrowbody
C97,4,quad
CA12,1,ga
CA19,1,ga
CA1P,1,ga
CA1T,1,ga
CA25,1,ga
CA3,1,ga
CA4,1,ga
CA41,1,ga
CA6,1,ga
CA61,1,ga
CA65,1,ga
CA7P,1,ga
CA7T,1,ga
CA8,1,ga
CA9,1,ga
CABI,1,ga
CABN,1,ga
CAD2,1,ga
CAD4,1,ga
CAJ,1,ga
CAML,1,ga
CAMP,1,ga
CAN4,1,ga
CAPL,1,ga
CAR,1,ga
CARV,4,quad
CASS,1,ga
CAT,2,regional
CAT1,1,ga
CAT2,2,regional
CAW,1,ga
CB1,1,ga
CC11,1,ga
CC19,1,ga
CD2,2,regional
CDC6,1,ga
CDUS,1,heli
CDW1,1,ga
CE15,1,ga
CE22,2,regional
CE23,1,ga
CE25,2,regional
CE27,2,regional
CE43,1,ga
CEGL,1,ga
CELR,1,ga
CENT,1,ga
CFRE,1,ga
CG3,1,ga
CGAN,1,ga
CH1,1,ga
CH10,1,ga
CH12,1,heli
CH14,1,heli
CH15,1,ga
CH18,1,ga
CH20,1,ga
CH25,1,ga
CH2T,1,ga
CH3,1,ga
CH30,1,ga
CH40,2,regional
CH50,1,ga
CH60,1,ga
CH62,2,regional
CH64,1,ga
CH65,1,ga
CH7,1,heli
CH70,1,ga
CH75,1,ga
CH7A,1,ga
CH7B,1,ga
CH80,1,ga
CHAN,1,ga
CHCS,1,ga
CHGO,1,ga
CHIC,1,ga
CHIF,1,heli
CHIN,1,ga
CHIP,1,ga
CHR1,1,ga
CHR4,1,ga
CHSY,1,heli
CICA,2,regional
CJ1,1,ga
CJ6,1,ga
CKUO,2,narrowbody
CL2P,2,regional
CL2T,2,regional
CL30,2,narrowbody
CL35,2,narrowbody
CL41,1,ga
CL4G,4,quad
CL60,2,narrowbody
CL8,1,ga
CLA,1,ga
CLB1,1,ga
CLBR,1,ga
CLD2,1,heli
CLDS,1,ga
CLON,1,heli
CMA3,1,ga
CMAS,1,ga
CMDE,1,heli
CMDT,1,heli
CN12,1,ga
CN35,2,regional
CNBR,2,narrowbody
CNDR,2,regional
CNGP,1,ga
CNUK,1,ga
CO50,1,ga
COAR,1,ga
COBR,1,ga
COL3,1,ga
COL4,1,ga
COLT,1,ga
COMU,1,heli
CONI,4,quad
COOT,1,ga
CORO,1,ga
CORR,1,ga
CORS,1,ga
CORV,2,regional
COUG,1,ga
COUR,1,ga
COY2,1,ga
COZJ,1,ga
COZY,1,ga
CP10,1,ga
CP13,1,ga
CP20,1,ga
CP21,1,ga
CP22,1,ga
CP23,1,ga
CP30,1,ga
CP32,1,ga
CP60,1,ga
CP65,1,ga
CP75,1,ga
CP80,1,ga
CP90,1,ga
CPNA,1,ga
CPUP,1,ga
CR10,1,ga
CRA1,1,ga
CRAC,1,ga
CRBN,1,ga
CRER,1,ga
CRES,1,ga
CRIO,1,ga
CRJ1,2,narrowbody
CRJ2,2,narrowbody
CRJ7,2,narrowbody
CRJ9,2,narrowbody
CRJX,2,narrowbody
CRUZ,1,ga
CT4,1,ga
CTAH,1,ga
CTLN,1,ga
CUB2,1,ga
CUCA,1,ga
CULP,1,ga
CULV,1,ga
CULX,2,regional
CVLP,2,regional
CVLT,2,regional
CX5,1,ga
CYCL,1,ga
CYGT,1,ga
D1,2,regional
D11,1,ga
D139,1,ga
D140,1,ga
D150,1,ga
D18,1,ga
D201,1,ga
D21,1,ga
D228,2,regional
D25,1,ga
D250,1,ga
D253,1,ga
D28D,2,regional
D28T,2,regional
D31,1,ga
D328,2,regional
D39,1,ga
D4,1,ga
D5,1,ga
D5TU,1,ga
D6,1,ga
D6CR,1,ga
D7,1,ga
D8,1,ga
DA2,1,ga
DA36,1,ga
DA40,1,ga
DA42,2,regional
DA5,1,ga
DA50,1,ga
DA62,2,regional
DAHU,1,ga
DAKH,1,ga
DAL1,1,ga
DAL4,1,ga
DAL5,1,ga
DART,1,ga
DC10,3,widebody
DC2,2,regional
DC3,2,regional
DC3S,2,regional
DC3T,2,regional
DC4,4,quad
DC6,4,quad
DC7,4,quad
DC85,4,quad
DC86,4,quad
DC87,4,quad
DC91,2,narrowbody
DC92,2,narrowbody
DC93,2,narrowbody
DC94,2,narrowbody
DC95,2,narrowbody
DEAG,1,heli
DEFI,2,regional
DELF,1,ga
DFL6,1,ga
DFLY,1,ga
DG15,1,ga
DG1T,1,ga
DG40,1,ga
DG50,1,ga
DG60,1,ga
DG80,1,ga
DH2T,1,ga
DH3T,1,ga
DH4T,2,regional
DH60,1,ga
DH80,1,ga
DH82,1,ga
DH83,1,ga
DH84,2,regional
DH85,1,ga
DH87,1,ga
DH88,2,regional
DH89,2,regional
DH8A,2,regional
DH8B,2,regional
DH8C,2,regional
DH8D,2,regional
DH90,2,regional
DH94,1,ga
DHA3,3,widebody
DHC1,1,ga
DHC2,1,ga
DHC3,1,ga
DHC4,2,regional
DHC5,2,regional
DHC6,2,regional
DHC7,4,quad
DIES,1,ga
DIJ3,1,ga
DIJ4,1,ga
DIMO,1,ga
DINO,1,ga
DIPR,1,ga
DISC,1,ga
DJET,1,ga
DJIN,1,heli
DLH2,1,ga
DNGO,1,ga
DO27,1,ga
DO28,2,regional
DOCX,1,ga
DON,1,ga
DOVE,2,regional
DR1,1,ga
DR10,1,ga
DR22,1,ga
DR30,1,ga
DR40,1,ga
DRAG,1,heli
DRIF,1,ga
DRTG,1,ga
DSA1,1,ga
DSK,1,ga
DSLK,1,ga
DT45,1,ga
DTA1,1,ga
DTA2,1,ga
DUB2,1,ga
DUCE,1,ga
DUOD,1,ga
DUR5,1,ga
DV1,1,ga
DV2,1,ga
DV20,1,ga
DW1,1,ga
DWD2,1,ga
DYH2,1,heli
DYH3,1,heli
E110,2,regional
E120,2,regional
E121,2,regional
E135,2,narrowbody
E145,2,narrowbody
E170,2,narrowbody
E190,2,narrowbody
E195,2,narrowbody
E2,2,regional
E200,1,ga
E230,1,ga
E275,2,narrowbody
E290,2,narrowbody
E295,2,narrowbody
E29E,1,ga
E2CB,1,ga
E300,1,ga
E314,1,ga
E350,1,ga
E35L,2,narrowbody
E390,2,narrowbody
E3CF,4,quad
E3TF,4,quad
E400,1,ga
E45X,2,narrowbody
E500,1,ga
E50P,2,narrowbody
E530,2,narrowbody
E545,2,narrowbody
E550,2,narrowbody
E55P,2,narrowbody
E6,4,quad
E737,2,narrowbody
E75L,2,narrowbody
E75S,2,narrowbody
E767,2,narrowbody
E7BH,1,ga
E8,4,quad
EA40,1,ga
EA50,2,narrowbody
EAEA,1,ga
EAGL,1,ga
EAGT,1,ga
EAGX,1,ga
EB29,1,ga
EBOY,1,ga
EC20,1,heli
EC25,2,heli
EC30,1,heli
EC35,2,heli
EC45,2,heli
EC55,2,heli
EC6,1,ga
EC75,2,heli
ECHO,1,ga
EDGE,1,ga
EDGT,1,ga
EF2,1,ga
EFAN,2,regional
EFOX,1,ga
EFUS,1,ga
EGL3,1,heli
EGRT,1,ga
EH10,3,heli
EL10,1,heli
EL20,1,ga
ELA7,1,heli
ELF,1,ga
ELIT,2,narrowbody
ELPS,1,ga
ELSP,1,ga
ELST,1,ga
ELTO,1,heli
ELTR,1,ga
EM10,1,ga
EM11,2,regional
EN28,1,heli
EN48,1,heli
EP9,1,ga
EPER,1,ga
EPIC,1,ga
EPX1,1,ga
ERAC,1,ga
ERCO,1,ga
ES11,1,heli
ES13,1,ga
ESCA,1,ga
ESCP,1,ga
ESQL,1,ga
ETA,1,ga
ETAR,1,ga
EUFI,2,narrowbody
EUPA,1,ga
EURT,1,ga
EV55,2,regional
EV97,1,ga
EVAN,2,regional
EVIC,1,ga
EVOP,1,ga
EVOT,1,ga
EVSS,1,ga
EX5T,1,ga
EXEC,1,heli
EXEJ,1,heli
EXNG,1,ga
EXPL,2,heli
EXPR,1,ga
EZFL,1,ga
EZFT,2,regional
EZHV,1,ga
EZIK,1,ga
EZKC,1,ga
F1,2,narrowbody
F100,2,narrowbody
F104,1,ga
F106,1,ga
F111,2,narrowbody
F117,2,narrowbody
F13,1,ga
F14,2,narrowbody
F15,2,narrowbody
F156,1,ga
F16,1,ga
F18H,2,narrowbody
F18S,2,narrowbody
F1FV,1,ga
F2,1,ga
F22,2,narrowbody
F260,1,ga
F26T,1,ga
F27,2,regional
F28,2,narrowbody
F2TH,2,narrowbody
F30,1,ga
F35,1,ga
F3F,1,ga
F4,2,narrowbody
F402,1,ga
F406,2,regional
F41E,2,regional
F421,1,ga
F5,2,narrowbody
F50,2,regional
F5SA,2,narrowbody
F60,2,regional
F600,2,regional
F70,2,narrowbody
F8,1,ga
F86,1,ga
F8L,1,ga
F900,3,widebody
F9F,1,ga
FA01,1,ga
FA02,1,ga
FA03,1,ga
FA04,1,ga
FA10,2,narrowbody
FA11,1,ga
FA20,2,narrowbody
FA24,1,ga
FA50,3,widebody
FA62,1,ga
FA6X,2,narrowbody
FA7X,3,widebody
FA8X,3,widebody
FAET,1,ga
FALC,1,ga
FALM,1,ga
FANL,1,ga
FANT,1,ga
FB1A,1,ga
FB1B,1,ga
FB5,1,ga
FBA2,1,ga
FBIR,1,ga
FC1,1,ga
FD2E,1,ga
FDCT,1,ga
FDF2,1,ga
FDMC,1,ga
FE51,1,ga
FEST,1,ga
FFLY,1,ga
FG01,1,ga
FGT,1,ga
FH11,1,heli
FIBO,1,ga
FIKD,1,ga
FIKE,1,ga
FINC,1,ga
FJ10,2,narrowbody
FJR3,1,ga
FK12,1,ga
FK14,1,ga
FK9,1,ga
FL3,1,ga
FL53,1,ga
FL54,1,ga
FL55,1,ga
FLAM,2,regional
FLCO,1,ga
FLE2,1,ga
FLE7,1,ga
FLIZ,1,ga
FLSH,1,ga
FLSS,1,ga
FM25,1,ga
FMGO,1,ga
FN33,1,ga
FNKB,1,ga
FOOF,1,ga
FORT,1,ga
FOUG,2,narrowbody
FOX,1,ga
FOXT,1,ga
FRBD,1,ga
FREE,1,ga
FREL,3,heli
FRNT,1,ga
FRON,1,ga
FS51,1,ga
FT30,1,ga
FU24,1,ga
FURY,1,ga
FUSI,1,ga
FW02,1,ga
FW19,1,ga
FW21,1,ga
FW44,1,ga
FW90,1,ga
FWSB,1,ga
FX1,1,ga
G1,1,ga
G103,1,ga
G109,1,ga
G115,1,ga
G120,1,ga
G12T,1,ga
G140,1,ga
G150,2,narrowbody
G159,2,regional
G15T,1,ga
G160,1,ga
G164,1,ga
G180,1,ga
G200,1,ga
G202,1,ga
G21,2,regional
G21M,4,quad
G21T,2,regional
G222,2,regional
G250,2,narrowbody
G280,2,narrowbody
G2CA,1,heli
G2GL,1,ga
G2T1,1,ga
G3,1,ga
G300,1,ga
G44,2,regional
G46,1,ga
G4SG,1,ga
G59,1,ga
G64T,1,ga
G70,1,ga
G73,2,regional
G73T,2,regional
G800,1,ga
G850,2,regional
G96,2,regional
G97,1,ga
GA10,1,ga
GA20,1,ga
GA5C,2,narrowbody
GA6C,2,narrowbody
GA7,2,regional
GA7C,2,narrowbody
GA8,1,ga
GA8C,2,narrowbody
GABR,1,ga
GALX,2,narrowbody
GAUN,1,ga
GAVI,1,ga
GAZL,1,heli
GB1,1,ga
GBSP,1,ga
GC1,1,ga
GDUK,2,regional
GEMI,2,regional
GENI,1,ga
GEPE,1,ga
GF20,1,ga
GFLY,1,ga
GL5T,2,narrowbody
GL7T,2,narrowbody
GLAD,1,ga
GLAS,1,ga
GLEX,2,narrowbody
GLF2,2,narrowbody
GLF3,2,narrowbody
GLF4,2,narrowbody
GLF5,2,narrowbody
GLF6,2,narrowbody
GLSP,1,ga
GLST,1,ga
GM01,1,ga
GM17,1,ga
GMGC,1,ga
GNAT,1,ga
GOBU,1,heli
GOLF,1,ga
GOOS,1,ga
GOTR,1,ga
GP1,1,ga
GP3,1,ga
GP4,1,ga
GPRO,1,ga
GR51,1,ga
GRAF,1,ga
GRFN,1,ga
GRIF,1,ga
GRIZ,1,ga
GSIS,1,ga
GSPN,2,narrowbody
GUEP,1,ga
GURI,1,ga
GX,1,ga
GY10,1,ga
GY20,1,ga
GY30,1,ga
GY80,1,ga
H111,2,regional
H12T,1,heli
H140,2,heli
H160,2,heli
H2,2,heli
H202,1,ga
H204,1,ga
H207,1,ga
H21,1,heli
H25A,2,narrowbody
H25B,2,narrowbody
H25C,2,narrowbody
H269,1,heli
H40,1,ga
H43A,1,heli
H43B,1,heli
H46,2,heli
H47,2,heli
H500,1,heli
H53,2,heli
H53S,3,heli
H60,2,heli
H64,2,heli
HA2,1,heli
HA31,1,ga
HA4T,2,narrowbody
HAHU,1,ga
HAR,1,ga
HAW3,1,heli
HAWK,1,ga
HB21,1,ga
HB23,1,ga
HB3,1,ga
HCAT,1,ga
HD34,2,regional
HDJT,2,narrowbody
HEAD,1,ga
HERN,4,quad
HF20,2,narrowbody
HI27,1,ga
HIGH,1,ga
HIND,1,ga
HL2,1,ga
HLD4,1,ga
HM38,1,ga
HN70,1,ga
HORN,1,ga
HORZ,1,ga
HPTR,1,ga
HPZL,1,ga
HR10,1,ga
HR20,1,ga
HRM9,1,ga
HRNT,1,ga
HROC,1,ga
HRON,1,ga
HRYA,1,ga
HSMT,1,heli
HT16,1,ga
HT2,1,ga
HT32,1,ga
HT34,1,ga
HT36,1,ga
HT40,1,ga
HU1,1,ga
HU2,1,ga
HUCO,1,heli
HUML,1,ga
HUMM,1,ga
HUNT,1,ga
HURI,1,ga
HURK,1,ga
HUSK,1,ga
HW4P,1,heli
HW4T,1,heli
HX2,1,heli
HYPR,1,ga
I103,1,ga
I114,2,regional
I115,1,ga
I11B,1,ga
I153,1,ga
I15B,1,ga
I16,1,ga
I22,1,ga
I23,1,ga
I3,1,ga
I66,1,ga
IA46,1,ga
IA50,2,regional
IA51,1,ga
IA58,2,regional
IA63,1,ga
IFUR,1,ga
IL14,2,regional
IL18,4,quad
IL28,2,narrowbody
IL38,4,quad
IL62,4,quad
IL76,4,quad
IL86,4,quad
IL96,4,quad
IMPU,1,ga
INCQ,1,ga
INEC,1,ga
INEX,1,ga
ION,1,ga
IP06,1,ga
IP10,1,ga
IP26,1,ga
IP6A,1,ga
IPAN,1,ga
IR21,1,ga
IR22,1,ga
IR23,1,ga
IR24,1,ga
IR25,1,ga
IR27,1,ga
IR28,1,ga
IR31,1,ga
IR46,1,ga
IR99,1,ga
IS2,1,heli
IS28,1,ga
ISAT,1,ga
ISPT,1,ga
J1,1,ga
J10,1,ga
J177,1,ga
J2,1,ga
J20,2,narrowbody
J3,1,ga
J300,1,ga
J328,2,narrowbody
J4,1,ga
J400,1,ga
J40E,1,ga
J5,1,ga
J600,1,ga
J8A,2,narrowbody
J8B,2,narrowbody
JAB2,1,ga
JAB4,1,ga
JABI,1,ga
JACE,1,ga
JAG2,1,heli
JAGR,2,narrowbody
JAJ5,1,ga
JAJ6,1,ga
JANU,1,ga
JARO,1,ga
JAST,1,ga
JB1,1,ga
JB15,1,ga
JC01,1,ga
JC02,1,ga
JCOM,2,narrowbody
JCRU,1,ga
JD2,1,ga
JDOE,1,ga
JE2,1,heli
JFOX,1,ga
JH7,2,narrowbody
JK05,1,ga
JL9,1,ga
JN76,1,ga
JPM1,1,ga
JPRO,1,ga
JRC1,1,ga
JRO,1,heli
JS1,2,regional
JS20,2,regional
JS3,2,regional
JS31,2,regional
JS32,2,regional
JS3E,1,ga
JS3J,1,ga
JS41,2,regional
JSQA,1,ga
JSX,1,ga
JT2,1,ga
JU52,3,widebody
JUNR,1,ga
JUPI,1,ga
K100,1,ga
K126,1,heli
K209,1,heli
K226,2,heli
K250,1,ga
K35E,4,quad
K35R,4,quad
K50,1,ga
K51,1,ga
K8,1,ga
KA25,2,heli
KA26,2,heli
KA27,2,heli
KA50,2,heli
KA52,2,heli
KA62,2,heli
KAFI,1,ga
KAK1,1,ga
KAK3,1,ga
KAT3,1,ga
KATB,2,regional
KATR,1,ga
KC2,2,narrowbody
KE3,4,quad
KELA,1,ga
KELD,1,ga
KERO,1,ga
KEST,1,ga
KFAB,1,ga
KFAS,1,ga
KFIR,1,ga
KFIS,1,ga
KH4,1,heli
KIS2,1,ga
KIS4,1,ga
KITH,1,ga
KITI,1,ga
KIWI,1,ga
KK60,1,ga
KL07,1,ga
KL10,1,ga
KL25,1,ga
KL35,1,ga
KLBR,1,ga
KM2,1,ga
KMAX,1,heli
KNTW,1,ga
KOLL,1,ga
KP2,1,ga
KP5,1,ga
KR1,1,ga
KR2,1,ga
KR21,1,ga
KR30,1,ga
KR31,1,ga
KR34,1,ga
KRAG,1,ga
KRAH,1,ga
KRIC,1,ga
KSTK,2,regional
KT1,1,ga
KTOO,1,ga
KZ2,1,ga
KZ3,1,ga
KZ4,2,regional
KZ7,1,ga
KZ8,1,ga
L10,2,regional
L101,3,widebody
L11,1,ga
L11E,1,ga
L12,2,regional
L13,1,ga
L13M,1,ga
L13S,1,ga
L14,2,regional
L15,2,narrowbody
L159,1,ga
L18,2,regional
L181,1,ga
L188,4,quad
L200,2,regional
L29,1,ga
L29A,4,quad
L29B,4,quad
L37,2,regional
L380,1,ga
L39,1,ga
L4,2,regional
L40,1,ga
L410,2,regional
L5,1,ga
L59,1,ga
L6,2,regional
L60,1,ga
L610,2,regional
L70,1,ga
L8,1,ga
L90,1,ga
LA25,1,ga
LA4,1,ga
LA60,1,ga
LA6T,1,ga
LA8,2,regional
LACO,1,ga
LAE1,1,ga
LAKR,1,ga
LAKX,1,ga
LAMA,1,heli
LANC,4,quad
LAR1,1,ga
LARK,1,ga
LAST,1,ga
LBUG,1,ga
LCA,1,ga
LCB,1,ga
LCH,2,heli
LCR,1,ga
LEG2,1,ga
LEGD,1,ga
LEOP,2,narrowbody
LESP,1,ga
LEVI,1,ga
LGEZ,1,ga
LGND,1,ga
LH10,1,ga
LIBE,1,ga
LION,1,ga
LJ23,2,narrowbody
LJ24,2,narrowbody
LJ25,2,narrowbody
LJ28,2,narrowbody
LJ31,2,narrowbody
LJ35,2,narrowbody
LJ40,2,narrowbody
LJ45,2,narrowbody
LJ55,2,narrowbody
LJ60,2,narrowbody
LJ70,2,narrowbody
LJ75,2,narrowbody
LJ85,2,narrowbody
LK17,1,ga
LK19,1,ga
LK20,1,ga
LM5,1,ga
LM5X,1,ga
LM7,1,ga
LMK1,1,ga
LN27,1,ga
LN3,1,ga
LNC2,1,ga
LNC4,1,ga
LNCE,1,ga
LNP4,1,ga
LNT4,1,ga
LOCA,1,ga
LOVE,1,ga
LP1,1,ga
LR2T,1,heli
LS10,1,ga
LS2,1,ga
LS8,1,ga
LS9,1,ga
LSTR,1,ga
LTNG,2,narrowbody
LUL5,1,ga
LUL6,1,ga
LUL7,1,ga
LUL8,1,ga
LV51,1,ga
LW20,1,ga
LW40,1,ga
LWIN,1,ga
LX32,1,ga
LX34,1,ga
LXR,1,ga
LYNX,2,heli
LYSA,1,ga
M10,1,ga
M101,1,ga
M106,1,ga
M108,1,ga
M10F,1,ga
M10R,1,ga
M110,1,ga
M15,1,ga
M17,1,ga
M18,1,ga
M18T,1,ga
M2,1,ga
M200,1,ga
M20P,1,ga
M20T,1,ga
M21,1,ga
M212,1,ga
M22,1,ga
M24,1,ga
M26,1,ga
M28,2,regional
M2HK,1,ga
M308,1,ga
M326,1,ga
M339,1,ga
M345,1,ga
M346,1,ga
M360,1,ga
M36J,2,regional
M4,1,ga
M404,2,regional
M5,1,ga
M55,2,narrowbody
M6,1,ga
M600,1,ga
M7,1,ga
M700,1,ga
M74,1,heli
M7T,1,ga
M8,1,ga
M9,1,ga
MA1,1,ga
MA5,1,ga
MA60,2,regional
MA6H,2,regional
MAGC,1,ga
MAGI,1,ga
MAGN,1,ga
MAJR,1,ga
MAKO,1,ga
MAMB,1,ga
MAME,1,ga
MARS,4,quad
MAVR,1,ga
MC01,1,ga
MC10,2,regional
MC23,2,narrowbody
MC45,1,ga
MC90,1,ga
MCOU,1,ga
MCOY,1,ga
MCR1,1,ga
MCR4,1,ga
MCRR,1,ga
MCUL,1,ga
MD11,3,widebody
MD3,1,ga
MD3R,1,ga
MD52,1,heli
MD60,1,heli
MD81,2,narrowbody
MD82,2,narrowbody
MD83,2,narrowbody
MD87,2,narrowbody
MD88,2,narrowbody
MD90,2,narrowbody
ME08,1,ga
ME09,1,ga
ME62,2,narrowbody
MEAD,1,ga
MEL2,1,ga
MERK,2,regional
MESS,1,ga
METR,2,narrowbody
MEXP,1,ga
MF10,1,ga
MF17,1,ga
MG15,1,ga
MG17,1,ga
MG19,2,narrowbody
MG21,1,ga
MG23,1,ga
MG29,2,narrowbody
MG31,2,narrowbody
MG44,2,narrowbody
MGAT,1,ga
MGIC,1,ga
MGNM,1,ga
MH20,2,heli
MH46,1,ga
MI10,2,heli
MI14,2,heli
MI2,2,heli
MI24,2,heli
MI26,2,heli
MI28,2,heli
MI34,1,heli
MI38,2,heli
MI4,1,heli
MI6,2,heli
MI8,2,heli
MIDR,1,ga
MIMP,1,ga
MIMU,1,ga
MIR2,1,ga
MIRA,1,ga
MITE,1,ga
MJ10,1,ga
MJ12,1,ga
MJ1H,1,ga
MJ2,1,ga
MJ3,1,ga
MJ4,1,ga
MJ5,1,ga
MJ53,1,ga
MJ55,1,ga
MJ7,1,ga
MJ77,1,ga
MJ8,1,ga
MJ80,1,ga
MJ9,1,ga
MJ90,1,ga
MLER,1,ga
MM14,1,heli
MM16,1,heli
MM19,1,heli
MM21,1,heli
MM22,1,heli
MM24,1,heli
MMAC,1,ga
MMAX,1,heli
MMUT,1,ga
MNEX,1,ga
MOCU,1,ga
MOGO,1,ga
MOL1,1,ga
MONA,1,ga
MONI,1,ga
MOR2,1,ga
MOSP,1,ga
MOSQ,2,regional
MOTO,1,ga
MP02,1,ga
MP20,1,ga
MR25,1,ga
MR35,1,ga
MR3T,1,ga
MRAI,1,ga
MRAM,1,ga
MRF1,1,ga
MRJ7,2,narrowbody
MRJ9,2,narrowbody
MRMD,1,ga
MRTN,1,ga
MS1,1,ga
MS18,1,ga
MS23,1,ga
MS25,1,ga
MS30,1,ga
MS31,1,ga
MS73,1,ga
MS76,2,narrowbody
MSAI,1,ga
MSQ2,1,ga
MT,1,heli
MU2,2,regional
MU23,1,ga
MU30,2,narrowbody
MUS2,1,ga
MVN1,1,ga
MVRK,1,ga
MX10,1,ga
MX1T,1,ga
MX2,1,ga
MX58,1,ga
MX65,1,ga
MX80,1,ga
MXS,1,ga
MY12,1,ga
MY13,1,ga
MYA4,4,quad
MYS4,1,ga
N110,1,ga
N120,1,ga
N250,2,regional
N260,2,regional
N262,2,regional
N3,1,ga
N320,1,ga
N340,1,ga
N3N,1,ga
N5,1,ga
NA40,2,heli
NAL2,1,ga
NAVI,1,ga
NC85,1,ga
ND1T,1,ga
NDAC,1,ga
NDAT,1,ga
NDIC,1,ga
NG4,1,ga
NG5,1,ga
NH90,2,heli
NHCO,1,ga
NI28,1,ga
NIBB,1,ga
NIMB,1,ga
NIPR,1,ga
NM5,1,ga
NMCU,1,ga
NNJA,1,ga
NOMA,2,regional
NORA,2,regional
NORS,1,ga
NPOR,1,ga
NSTR,1,ga
NT10,1,ga
NXT,1,ga
NXTE,1,ga
O1,1,ga
O3,1,ga
OH1,2,heli
OKHO,1,heli
OM1,1,ga
OMAG,1,ga
OMGA,1,ga
OMLA,1,ga
ONE,1,ga
ONEX,1,ga
OPCA,1,ga
OR10,1,ga
OR12,2,regional
OSCR,1,ga
OUDE,1,ga
OVOD,1,ga
OZZI,1,ga
P06T,2,regional
P1,4,quad
P100,1,ga
P130,1,ga
P136,2,regional
P148,1,ga
P149,1,ga
P180,2,regional
P18T,1,ga
P19,1,ga
P1HH,2,regional
P2,2,regional
P208,1,ga
P210,1,ga
P212,2,regional
P220,1,ga
P230,1,ga
P27,1,ga
P270,1,ga
P28A,1,ga
P28B,1,ga
P28R,1,ga
P28S,1,ga
P28T,1,ga
P28U,1,ga
P3,4,quad
P32R,1,ga
P32T,1,ga
P337,2,regional
P36,1,ga
P38,2,regional
P39,1,ga
P40,1,ga
P46T,1,ga
P47,1,ga
P4Y,4,quad
P50,1,ga
P51,1,ga
P57,1,ga
P60,1,ga
P61,2,regional
P63,1,ga
P66P,2,regional
P66T,2,regional
P68,2,regional
P68T,2,regional
P70,1,ga
P750,1,ga
P8,2,narrowbody
P80,1,ga
P82,2,regional
PA11,1,ga
PA12,1,ga
PA14,1,ga
PA15,1,ga
PA16,1,ga
PA17,1,ga
PA18,1,ga
PA20,1,ga
PA22,1,ga
PA23,2,regional
PA24,1,ga
PA25,1,ga
PA27,2,regional
PA30,2,regional
PA31,2,regional
PA32,1,ga
PA34,2,regional
PA36,1,ga
PA38,1,ga
PA44,2,regional
PA46,1,ga
PA47,1,ga
PACE,1,ga
PAGO,1,ga
PANT,1,ga
PAR1,1,ga
PAR4,1,ga
PARL,1,ga
PAT2,1,ga
PAT4,2,regional
PAUL,1,ga
PAV4,1,heli
PAY1,2,regional
PAY2,2,regional
PAY3,2,regional
PAY4,2,regional
PC12,1,ga
PC21,1,ga
PC24,2,narrowbody
PC6P,1,ga
PC6T,1,ga
PC7,1,ga
PC9,1,ga
PCA2,1,heli
PDIG,2,regional
PECR,1,ga
PEGA,2,regional
PEGZ,1,ga
PELI,1,ga
PEMB,2,regional
PETL,1,ga
PETR,1,ga
PGEE,1,ga
PGK1,1,ga
PHIL,1,heli
PHIX,1,heli
PHNX,1,ga
PIAE,1,ga
PIAT,1,ga
PICO,1,ga
PILL,1,ga
PINO,1,ga
PIPA,1,ga
PISI,1,ga
PIT4,1,ga
PITA,1,ga
PITE,1,ga
PIVE,1,ga
PIVI,1,ga
PK11,1,ga
PK15,1,ga
PK18,1,ga
PK19,1,ga
PK20,1,ga
PK21,1,ga
PK23,1,ga
PK25,1,ga
PKAN,1,ga
PL1,1,ga
PL12,1,ga
PL2,1,ga
PL4,1,ga
PL9,1,ga
PLUS,1,ga
PNR2,1,ga
PNR3,1,ga
PNR4,1,ga
PNTH,1,ga
PO2,1,ga
PO60,1,ga
POLI,1,ga
PONY,1,ga
PP2,1,ga
PP3,1,ga
PPRO,1,ga
PRBP,1,ga
PRBR,1,ga
PRCE,2,regional
PREN,1,ga
PRET,1,ga
PREX,1,ga
PRIM,1,ga
PRM1,2,narrowbody
PROC,1,ga
PROT,1,ga
PROW,1,ga
PRPR,1,ga
PRTS,2,narrowbody
PRXT,1,ga
PSTM,1,ga
PSW4,1,heli
PT21,1,ga
PT22,1,ga
PT70,1,ga
PT80,1,ga
PTMS,1,ga
PTS1,1,ga
PTS2,1,ga
PTSS,1,ga
PUL6,1,ga
PULR,1,ga
PULS,1,ga
PUMA,2,heli
PUP,1,ga
PURS,1,ga
PUSH,1,ga
PW4,1,ga
PZ01,1,ga
PZ02,1,ga
PZ04,1,ga
PZ05,1,ga
PZ06,1,ga
PZ12,1,ga
PZ26,1,ga
PZ3T,1,ga
PZ4M,1,ga
PZ6T,1,ga
Q01,1,ga
Q1,1,ga
Q25,1,ga
Q4,1,ga
Q5,2,narrowbody
Q9,1,ga
QAIL,1,ga
QALT,1,ga
QEST,1,ga
QIC2,1,ga
QINT,1,ga
QR01,1,ga
QUAS,1,ga
QUIC,1,ga
R100,1,ga
R109,1,ga
R11,1,ga
R135,4,quad
R185,1,ga
R2,1,ga
R200,1,ga
R22,1,heli
R300,1,ga
R4,1,heli
R44,1,heli
R66,1,heli
R721,3,widebody
R722,3,widebody
R90F,1,ga
R90R,1,ga
R90T,1,ga
RA14,1,ga
RA17,1,ga
RAF2,1,heli
RAID,1,ga
RAIL,1,ga
RALL,1,ga
RANG,1,ga
RARO,1,ga
RAV3,1,ga
RAV5,1,ga
RAZM,1,ga
RBEL,1,ga
RC3,1,ga
RC70,2,regional
RCAL,1,ga
RD03,1,ga
RD20,1,ga
RDH2,1,ga
RELI,1,ga
RENE,1,ga
REV6,1,heli
RF10,1,ga
RF3,1,ga
RF4,1,ga
RF47,1,ga
RF5,1,ga
RF6,1,ga
RF9,1,ga
RFAL,2,narrowbody
RGNT,1,ga
RISN,1,ga
RJ03,1,ga
RJ1H,4,quad
RJ70,4,quad
RJ85,4,quad
RK5,1,ga
RLU1,1,ga
RMOU,1,heli
RNGR,1,ga
ROAR,1,ga
RODS,1,ga
ROND,1,ga
ROSE,1,ga
RP1,2,heli
RPUP,1,heli
RS12,1,ga
RS18,1,ga
RS20,1,ga
RS21,1,ga
RTA4,1,ga
RUBI,1,ga
RV10,1,ga
RV12,1,ga
RV14,1,ga
RV3,1,ga
RV4,1,ga
RV4T,1,ga
RV6,1,ga
RV7,1,ga
RV8,1,ga
RV9,1,ga
RVAL,2,heli
RW19,1,ga
RW20,1,ga
RW22,1,ga
RW26,1,ga
RW3,1,ga
RYSA,2,regional
RYST,1,ga
S05F,1,ga
S05R,1,ga
S1,1,ga
S10,1,ga
S107,1,ga
S108,1,ga
S10S,1,ga
S11,1,ga
S12,1,ga
S122,2,regional
S12S,1,ga
S15S,1,ga
S15U,1,ga
S200,1,ga
S202,2,regional
S208,1,ga
S21,1,ga
S211,1,ga
S223,1,ga
S22T,1,ga
S274,1,heli
S278,1,heli
S285,1,heli
S2P,2,regional
S2T,2,regional
S3,2,narrowbody
S330,1,heli
S355,1,ga
S360,1,heli
S37,2,narrowbody
S38,2,regional
S39,1,ga
S4,1,ga
S400,2,regional
S434,1,heli
S45,1,ga
S450,1,ga
S51,1,heli
S51D,1,ga
S52,1,heli
S55P,1,heli
S55T,1,heli
S58P,1,heli
S58T,1,heli
S6,1,ga
S601,2,narrowbody
S61,2,heli
S61R,2,heli
S62,1,heli
S64,2,heli
S65C,2,heli
S76,2,heli
S900,1,ga
S92,2,heli
S97,1,heli
SA02,1,ga
SA03,1,ga
SA04,1,ga
SA05,1,ga
SA10,1,ga
SA11,1,ga
SA2,1,ga
SA20,1,ga
SA3,1,ga
SA30,1,ga
SA37,1,ga
SA38,2,regional
SA50,1,ga
SA6,1,ga
SA6E,1,ga
SA7,1,ga
SA70,1,ga
SA75,1,ga
SA8T,2,regional
SAB2,1,ga
SABA,1,ga
SACE,1,ga
SACR,1,ga
SAFF,1,ga
SAH1,1,ga
SAKO,1,ga
SALB,1,ga
SAM,1,ga
SAND,4,quad
SAPH,1,ga
SASH,2,regional
SASP,1,ga
SASY,1,ga
SATA,2,narrowbody
SAVA,1,ga
SAVG,1,ga
SB05,2,narrowbody
SB20,2,regional
SB29,1,ga
SB32,1,ga
SB35,1,ga
SB37,1,ga
SB39,1,ga
SB7,1,ga
SB91,1,ga
SBD,1,ga
SBLS,2,regional
SBM3,1,ga
SBOY,1,ga
SBR1,2,narrowbody
SBR2,2,narrowbody
SC01,1,ga
SC7,2,regional
SCAM,1,ga
SCEP,1,ga
SCII,1,heli
SCOM,1,ga
SCOR,1,heli
SCOU,1,heli
SCRO,1,ga
SCTR,1,ga
SCUB,1,ga
SCW1,1,ga
SD26,1,ga
SD4,1,ga
SDUS,1,ga
SE5A,1,ga
SE5R,1,ga
SEAT,1,ga
SEAW,1,ga
SERA,1,ga
SF2,1,ga
SF23,1,ga
SF24,1,ga
SF25,1,ga
SF27,1,ga
SF28,1,ga
SF31,1,ga
SF32,1,ga
SF34,2,regional
SF35,1,ga
SF36,1,ga
SF41,1,ga
SF50,1,ga
SG37,1,ga
SG70,1,ga
SG92,1,ga
SGRA,1,ga
SGUP,4,quad
SH09,1,heli
SH33,2,regional
SH36,2,regional
SH4,1,heli
SH5,4,quad
SHAC,4,quad
SHAK,1,ga
SHAW,1,ga
SHEA,1,ga
SHEK,1,ga
SHER,1,ga
SHOE,1,ga
SHOP,1,ga
SHOR,1,ga
SHRK,1,ga
SHRT,1,ga
SIDE,1,ga
SIGM,1,ga
SILH,1,ga
SIR2,1,ga
SIRA,1,ga
SJ30,2,narrowbody
SK10,1,ga
SK70,2,regional
SKAR,1,ga
SKIF,1,ga
SKIM,1,ga
SKRA,1,ga
SKYC,2,regional
SKYO,1,ga
SKYR,1,ga
SL1,1,ga
SL39,1,ga
SL90,1,ga
SLCH,6,quad
SLG2,1,ga
SLG4,1,ga
SLH4,1,ga
SLK3,1,ga
SLK5,1,ga
SM01,1,ga
SM19,1,ga
SM20,1,ga
SM60,3,widebody
SM92,1,ga
SMAX,1,ga
SMB2,1,ga
SNAD,1,heli
SNAP,1,ga
SNGY,1,ga
SNOS,1,ga
SNS2,1,ga
SNS7,1,ga
SNS9,1,ga
SNTA,1,ga
SOK2,1,ga
SOKL,1,ga
SOL1,4,quad
SOL2,4,quad
SOLI,1,ga
SONG,1,ga
SONX,1,ga
SORA,1,ga
SP20,1,ga
SP33,2,narrowbody
SP55,1,ga
SP6E,1,ga
SP7,1,ga
SP91,1,ga
SP95,1,ga
SPA2,1,ga
SPAR,1,ga
SPC2,1,ga
SPDR,1,ga
SPEL,1,ga
SPGY,1,heli
SPHA,1,heli
SPIR,1,ga
SPIT,1,ga
SPOR,1,ga
SPR2,1,ga
SPRT,1,ga
SPST,1,ga
SPUP,1,ga
SQ2T,1,ga
SQES,2,regional
SR01,1,ga
SR20,1,ga
SR22,1,ga
SRAC,1,ga
SRAI,1,ga
SRAS,1,ga
SRAY,1,ga
SREY,1,ga
SS2,1,ga
SS2P,1,ga
SS2T,1,ga
SSAB,1,ga
SSC,1,heli
SSTL,1,ga
SSTM,1,ga
ST1,2,regional
ST10,1,ga
ST3,1,ga
ST30,1,ga
ST4,1,ga
ST6,1,ga
ST60,1,ga
ST75,1,ga
ST87,1,ga
STAL,1,ga
STAR,2,regional
STAT,1,ga
STCH,1,ga
STFF,1,ga
STIL,1,ga
STLN,1,ga
STOR,1,ga
STR2,1,ga
STRA,1,ga
STRE,1,ga
STRI,1,ga
STRK,1,ga
STRM,1,ga
STST,1,ga
SU17,1,ga
SU24,2,narrowbody
SU25,2,narrowbody
SU26,1,ga
SU27,2,narrowbody
SU29,1,ga
SU31,1,ga
SU38,1,ga
SU57,2,narrowbody
SU7,1,ga
SU80,2,regional
SU95,2,narrowbody
SUBA,1,ga
SUCO,2,heli
SUNB,1,ga
SUNV,1,ga
SURN,2,heli
SURU,1,ga
SUSO,1,ga
SV4,1,ga
SVNH,1,ga
SW18,1,ga
SW2,2,regional
SW3,2,regional
SW4,2,regional
SWAK,1,ga
SWAT,1,ga
SWIF,1,ga
SWIN,1,ga
SWOR,1,ga
SX30,1,ga
SYCA,1,heli
SYMP,1,ga
SYNC,1,ga
SZ45,1,ga
SZ9M,1,ga
T1,1,ga
T10,1,ga
T101,1,ga
T134,2,narrowbody
T154,3,widebody
T160,4,quad
T18,1,ga
T19,1,ga
T2,2,narrowbody
T204,2,narrowbody
T206,1,ga
T210,1,ga
T211,1,ga
T22M,2,narrowbody
T250,1,ga
T28,1,ga
T30,1,ga
T33,1,ga
T334,2,narrowbody
T34P,1,ga
T34T,1,ga
T35,1,ga
T37,2,narrowbody
T38,2,narrowbody
T4,2,narrowbody
T40,1,ga
T411,1,ga
T415,1,ga
T419,1,ga
T5,1,ga
T50,2,regional
T51,1,ga
T6,1,ga
T7,1,ga
TA15,1,ga
TA16,1,ga
TA20,1,ga
TAA1,1,ga
TAGO,1,ga
TAIL,1,ga
TAMP,1,ga
TARO,1,ga
TARR,1,ga
TAYA,1,ga
TAYB,1,ga
TAYD,1,ga
TB05,1,ga
TB20,1,ga
TB21,1,ga
TB30,1,ga
TB31,1,ga
TBEE,2,regional
TBM,1,ga
TBM7,1,ga
TBM8,1,ga
TBM9,1,ga
TBR3,1,ga
TC2,1,ga
TCAT,2,regional
TCOU,2,regional
TD1,1,ga
TD2,1,ga
TD3,1,ga
TEAL,1,ga
TERM,1,ga
TERR,1,ga
TEX2,1,ga
TEXA,1,ga
TF19,1,ga
TF21,1,ga
TF22,1,ga
TFK2,1,ga
TFOC,1,ga
TFUN,1,ga
TGRS,1,ga
TIAD,1,ga
TIGR,2,heli
TIJU,1,ga
TIPB,1,ga
TJET,2,narrowbody
TL20,1,ga
TL30,1,ga
TLEG,1,ga
TM5,1,ga
TMOT,1,ga
TMUS,1,ga
TNAV,2,regional
TNDR,1,ga
TOBA,1,ga
TOOT,1,ga
TOR,2,narrowbody
TOUR,1,ga
TOXO,1,ga
TP40,1,ga
TPIL,1,ga
TPIN,2,regional
TR1,1,ga
TR20,1,ga
TR26,1,ga
TR55,1,ga
TRAL,1,ga
TRAP,1,ga
TRBA,1,ga
TRDO,1,ga
TRF1,1,ga
TRIM,3,widebody
TRIS,3,widebody
TRMA,3,widebody
TRWN,2,regional
TS11,1,ga
TS14,1,ga
TS1J,1,ga
TS8,1,ga
TSPT,1,ga
TSTN,1,ga
TSTR,1,heli
TTRS,1,ga
TTWO,1,ga
TU16,2,narrowbody
TU22,2,narrowbody
TU95,4,quad
TUCA,1,ga
TUL3,1,ga
TUTR,1,ga
TVL4,1,ga
TVLB,1,ga
TWEN,1,ga
TWIR,2,regional
TWSP,1,ga
TWST,1,ga
TZRV,1,ga
U15,1,ga
U16,2,regional
U2,1,ga
U21,2,regional
U22,1,ga
UBAT,1,ga
UF10,1,ga
UF13,1,ga
UFHT,1,heli
UH1,1,heli
UH12,1,heli
UH1Y,2,heli
UL10,1,ga
UL20,1,ga
UL2F,1,ga
UL45,1,ga
ULPA,1,ga
ULTS,1,heli
UM18,1,heli
UNIV,1,ga
URRA,1,ga
US2,4,quad
UT60,1,ga
UT65,1,ga
UT66,1,ga
UT75,1,ga
UU12,1,ga
V1,2,regional
V10,2,regional
V22,2,heli
V221,1,ga
V252,1,ga
V280,2,heli
V322,1,ga
V351,1,ga
V452,1,ga
V500,1,heli
V8SP,1,ga
VALI,1,ga
VAMP,1,ga
VANT,1,ga
VAUT,2,narrowbody
VELO,1,ga
VELT,2,regional
VENT,1,ga
VEZE,1,ga
VF2,1,ga
VF35,1,ga
VF60,1,ga
VG3T,1,ga
VGUL,1,ga
VIMA,1,ga
VIPJ,1,ga
VIPR,1,ga
VISI,1,ga
VIVA,1,ga
VIX,1,ga
VIXN,1,ga
VJ22,1,ga
VK3P,1,ga
VK3T,1,ga
VL3,1,ga
VM1,1,ga
VNOM,1,ga
VNTE,1,ga
VNTR,1,ga
VO10,1,ga
VOL2,1,ga
VP2,1,ga
VR20,1,ga
VR7,1,ga
VSON,1,ga
VTOR,2,regional
VTRA,1,ga
VTUR,1,ga
VUT1,1,ga
VVIG,1,ga
VW10,1,ga
VWIT,1,ga
W11,1,ga
W135,4,quad
W201,1,ga
W3,2,heli
W5BC,1,ga
W62T,1,ga
WA40,1,ga
WA41,1,ga
WA42,1,ga
WA50,1,ga
WA80,1,ga
WAC9,1,ga
WACA,1,ga
WACC,1,ga
WACD,1,ga
WACE,1,ga
WACF,1,ga
WACG,1,ga
WACM,1,ga
WACN,1,ga
WACO,1,ga
WACT,1,ga
WAIX,1,ga
WASP,1,heli
WB57,2,narrowbody
WBOO,1,ga
WCAT,1,ga
WDEX,1,ga
WESX,2,heli
WF4U,1,ga
WFOC,1,ga
WFUR,1,ga
WG30,2,heli
WH1,1,ga
WH4,1,ga
WHAT,1,ga
WHIL,1,ga
WHIS,1,ga
WHIT,1,ga
WHK2,4,quad
WICH,1,ga
WILT,1,ga
WIND,1,ga
WINE,1,ga
WIRR,1,ga
WISP,1,ga
WLBY,1,ga
WM2,1,ga
WOPU,1,ga
WP40,1,ga
WP47,1,ga
WS22,1,ga
WSP,1,ga
WT10,1,ga
WT9,1,ga
WUSH,1,ga
WW1,1,ga
WW23,2,narrowbody
WW24,2,narrowbody
WZ10,2,heli
WZER,1,ga
X2,1,heli
X3,2,heli
X4,1,ga
X47B,1,ga
X49,2,heli
X59,1,ga
XA41,1,ga
XA42,1,ga
XA85,1,ga
XAIR,1,ga
XB1,3,widebody
XL2,1,ga
XNON,1,heli
XNOS,1,ga
XV15,2,heli
Y11,2,regional
Y112,1,ga
Y12,2,regional
Y12F,2,regional
Y130,2,narrowbody
Y18T,1,ga
Y20,4,quad
YA1,1,ga
YAK3,1,ga
YAK9,1,ga
YALE,1,ga
YARR,1,ga
YAST,1,ga
YC12,1,ga
YK11,1,ga
YK12,1,ga
YK18,1,ga
YK28,2,narrowbody
YK30,1,ga
YK38,3,widebody
YK40,3,widebody
YK42,3,widebody
YK50,1,ga
YK52,1,ga
YK53,1,ga
YK54,1,ga
YK55,1,ga
YK58,1,ga
YL15,1,ga
YNHL,2,heli
YS11,2,regional
YUKN,1,ga
YUNO,1,ga
YURO,2,narrowbody
Z22,1,ga
Z26,1,ga
Z37P,1,ga
Z37T,1,ga
Z42,1,ga
Z43,1,ga
Z50,1,ga
ZA6,1,heli
ZEP2,1,ga
ZEPH,1,ga
ZERO,1,ga
ZIA,1,ga
ZIU,1,ga
ZULU,1,ga
ZZZZ-AR5,2,regional
ZZZZ-BACE,1,ga
ZZZZ-CX4,1,ga
ZZZZ-CX7,1,ga
ZZZZ-DUCK,1,ga
ZZZZ-E260,1,ga
ZZZZ-EUFIT,2,narrowbody
ZZZZ-F16D,1,ga
ZZZZ-F18E,2,narrowbody
ZZZZ-F18F,2,narrowbody
ZZZZ-JAS4,6,quad
ZZZZ-JT1,1,ga
ZZZZ-KJ500,4,quad
ZZZZ-KZO,1,ga
ZZZZ-LARK,1,ga
ZZZZ-MC30,1,ga
ZZZZ-NFEX,1,ga
ZZZZ-PENC,1,ga
ZZZZ-RQ21,1,ga
ZZZZ-RQ7,1,ga
ZZZZ-RQ8C,1,heli
ZZZZ-S100,1,heli
ZZZZ-S401,1,ga
ZZZZ-S750,1,ga
ZZZZ-SMS1,1,ga
ZZZZ-SPJT,1,ga
ZZZZ-SR10,1,ga
ZZZZ-TT1,1,ga
ZZZZ-VELX,1,ga
ZZZZ-YUN9,4,quad
`JUN1`,1,ga
`JUN2`,1,ga
